Rk,Team,Conference,W-L,NetRtg,ORtg,ORtg_rk,DRtg,DRtg_rk,AdjT,AdjT_rk,Luck,Luck_rk,OPP_NetRtg,OPP_NetRtg_rk,OPP_ORtg,OPP_ORtg_rk,OPP_DRtg,OPP_DRtg_rk,NCSOS,NCSOS_rk
1,Michigan,B10,17-1,+36.09,127.2,4,91.1,2,73.2,10,+.025,139,+11.41,5,116.7,6,105.3,7,+11.40,15
2,Arizona,B12,18-0,+34.03,127.0,6,92.9,4,71.7,24,+.033,120,+6.59,41,114.7,27,108.1,74,+2.82,114
3,Duke,ACC,17-1,+33.20,126.3,8,93.1,5,67.5,192,+.078,42,+10.14,9,115.8,12,105.7,13,+6.41,49
4,Houston,B12,17-1,+31.36,124.2,19,92.8,3,63.5,350,+.054,76,+5.70,53,113.6,45,107.9,70,+1.15,152
5,Iowa St.,B12,17-2,+31.08,125.5,11,94.4,8,67.8,170,+.028,131,+5.68,54,112.6,73,106.9,36,-2.23,249
6,Gonzaga,WCC,19-1,+31.01,126.2,10,95.2,10,70.2,62,+.096,24,+5.42,62,113.1,64,107.7,56,+7.56,33
7,Purdue,B10,17-2,+30.91,129.4,2,98.4,19,65.5,294,+.055,75,+10.46,8,116.5,8,106.1,17,+7.52,34
8,Illinois,B10,15-3,+30.52,129.4,1,98.9,21,66.3,248,+.004,178,+8.78,20,115.5,17,106.7,31,+3.70,86
9,Michigan St.,B10,17-2,+30.14,120.0,53,89.9,1,65.9,272,-.034,259,+9.07,19,116.8,5,107.8,59,+2.79,115
10,Florida,SEC,14-5,+29.92,125.5,12,95.6,11,70.2,60,-.087,340,+12.22,4,117.7,4,105.5,9,+6.96,39
11,Connecticut,BE,18-1,+28.79,121.9,35,93.1,6,65.3,299,+.087,35,+9.48,14,114.7,28,105.2,5,+7.72,32
12,Nebraska,B10,18-0,+27.03,123.5,22,96.5,13,67.2,207,+.092,29,+5.86,49,113.7,41,107.9,67,-4.67,297
13,Virginia,ACC,16-2,+26.99,124.7,16,97.7,17,65.6,288,+.002,186,+4.64,70,113.3,54,108.6,92,-3.59,279
14,BYU,B12,16-2,+26.67,125.3,14,98.6,20,70.7,47,+.040,103,+7.10,34,113.8,39,106.7,30,+3.59,90
15,Louisville,ACC,13-5,+26.23,126.9,7,100.7,35,70.2,61,-.054,300,+7.86,28,113.2,55,105.4,8,+2.14,125
16,Vanderbilt,SEC,16-3,+26.14,126.2,9,100.1,29,70.6,50,+.054,77,+9.16,17,115.8,11,106.7,28,+1.59,137
17,Alabama,SEC,13-5,+25.35,129.3,3,104.0,67,73.7,7,-.004,201,+14.73,1,119.0,1,104.3,2,+12.59,9
18,Kansas,B12,14-5,+25.33,121.7,37,96.4,12,67.7,188,-.002,193,+13.10,2,116.6,7,103.5,1,+10.61,17
19,Texas Tech,B12,15-4,+25.27,125.5,13,100.2,30,67.7,178,+.050,82,+11.24,6,117.9,2,106.6,25,+7.95,29
20,Iowa,B10,14-5,+24.45,122.1,34,97.6,16,64.1,336,-.053,295,+4.07,77,111.9,104,107.8,61,-7.12,338
21,Arkansas,SEC,14-5,+24.29,127.0,5,102.7,49,71.7,25,-.004,198,+10.90,7,116.4,9,105.5,10,+4.02,81
22,St. John's,BE,14-5,+24.09,122.5,29,98.4,18,70.4,54,-.047,287,+9.34,15,115.5,18,106.1,19,+6.94,40
23,Tennessee,SEC,12-6,+23.59,121.0,41,97.4,15,66.6,231,-.074,325,+8.29,24,116.0,10,107.7,57,+0.58,165
24,Kentucky,SEC,12-6,+21.75,122.3,32,100.6,33,67.7,184,-.030,252,+8.20,26,115.1,23,106.9,35,+1.16,151
25,Georgia,SEC,16-3,+21.47,122.6,28,101.1,40,74.5,2,+.025,136,+1.96,114,111.3,125,109.4,123,-7.13,339
26,Villanova,BE,14-4,+21.27,123.2,23,102.0,44,63.4,353,+.023,142,+8.13,27,115.4,19,107.2,47,+2.94,110
27,N.C. State,ACC,13-6,+21.07,122.4,31,101.3,41,69.1,106,-.064,312,+7.05,37,113.7,43,106.6,27,+4.40,75
28,Clemson,ACC,16-4,+21.01,118.3,70,97.3,14,64.9,315,+.021,145,+6.94,40,113.9,36,106.9,37,+1.97,128
29,Saint Louis,A10,18-1,+20.46,120.7,45,100.2,32,71.5,28,+.029,127,-3.14,265,107.5,300,110.7,196,-6.10,327
30,Auburn,SEC,12-7,+20.41,125.1,15,104.6,78,68.1,158,+.003,185,+12.70,3,117.8,3,105.1,4,+8.76,23
31,SMU,ACC,14-5,+19.95,124.5,17,104.6,77,69.0,110,+.019,147,+8.29,25,114.8,26,106.5,24,+1.84,132
32,Utah St.,MWC,15-3,+19.58,123.0,26,103.4,56,68.2,153,+.030,123,+2.66,99,111.7,107,109.1,109,+1.90,131
33,Saint Mary's,WCC,17-3,+19.28,120.3,49,101.0,38,65.7,283,+.036,116,+3.23,93,110.7,150,107.4,51,+3.42,99
34,Ohio St.,B10,13-5,+19.09,123.2,24,104.1,69,67.3,200,-.038,267,+5.73,52,113.6,47,107.9,69,-4.27,287
35,North Carolina,ACC,14-4,+18.94,122.1,33,103.2,51,67.8,171,+.028,128,+4.46,72,112.3,85,107.8,63,-0.08,186
36,Miami FL,ACC,15-4,+18.52,118.6,65,100.1,28,69.1,105,-.011,219,-0.55,188,110.2,176,110.7,201,-7.21,341
37,Indiana,B10,12-7,+18.40,121.6,39,103.2,52,67.4,197,-.058,303,+5.82,50,112.8,70,107.0,41,-4.68,298
38,Texas A&M,SEC,14-4,+18.20,120.2,50,102.0,45,71.5,26,+.025,137,+2.03,111,112.6,75,110.5,188,-6.42,331
39,UCLA,B10,13-6,+18.14,120.9,43,102.7,48,65.0,312,-.015,229,+6.19,46,114.1,32,107.9,66,-4.35,291
40,Wisconsin,B10,13-5,+17.99,121.7,38,103.7,63,70.5,51,+.068,54,+6.45,42,113.8,37,107.4,50,-2.17,245
41,Texas,SEC,11-7,+17.82,124.5,18,106.7,101,67.4,199,-.102,353,+6.01,47,113.2,58,107.2,44,-4.39,293
42,LSU,SEC,13-6,+17.01,121.4,40,104.4,74,67.3,202,-.033,256,+3.42,90,112.2,91,108.8,98,-4.35,290
43,Santa Clara,WCC,16-5,+16.99,120.5,48,103.6,61,69.7,81,-.005,205,+2.99,96,111.1,138,108.1,73,+3.95,83
44,New Mexico,MWC,14-4,+16.80,116.2,81,99.4,23,69.7,80,-.019,238,+3.43,89,111.7,109,108.3,79,+1.93,130
45,San Diego St.,MWC,13-4,+16.65,116.2,83,99.5,24,69.0,113,+.108,15,+5.52,58,113.0,65,107.5,52,+6.82,41
46,USC,B10,14-4,+16.49,118.4,68,101.9,43,70.3,58,+.132,8,+7.55,30,113.7,44,106.2,20,-0.63,199
47,UCF,B12,14-4,+16.27,120.9,42,104.7,79,69.0,112,+.106,18,+7.06,35,114.0,34,107.0,39,-0.58,198
48,Seton Hall,BE,14-5,+16.09,111.3,147,95.2,9,65.8,275,-.026,245,+5.47,60,113.7,42,108.2,78,-4.08,285
49,Baylor,B12,11-7,+16.06,123.7,21,107.7,114,68.1,156,-.027,247,+9.62,13,114.1,31,104.5,3,-0.29,192
50,VCU,A10,13-6,+15.78,120.6,47,104.8,81,69.9,73,-.085,336,+1.97,113,111.3,128,109.3,119,-1.91,236
51,Washington,B10,10-8,+15.46,118.8,62,103.4,55,67.7,180,-.077,328,+9.13,18,115.8,13,106.6,26,-1.07,215
52,Creighton,BE,11-8,+15.46,120.0,52,104.6,76,66.4,241,-.017,234,+9.21,16,115.7,14,106.4,23,+4.03,80
53,Cincinnati,B12,10-8,+15.30,109.7,178,94.4,7,69.2,100,-.130,363,+5.31,63,112.2,92,106.9,34,-1.68,232
54,TCU,B12,12-7,+15.02,114.0,116,98.9,22,67.3,204,-.091,346,+3.72,83,112.1,98,108.3,82,-6.07,323
55,Missouri,SEC,13-6,+14.44,120.2,51,105.8,89,66.4,245,+.038,110,+2.82,98,112.3,87,109.5,128,-8.38,350
56,Butler,BE,12-7,+14.13,119.1,58,104.9,83,70.4,56,-.015,230,+7.58,29,113.8,38,106.2,21,-1.98,237
57,Virginia Tech,ACC,14-5,+13.95,117.5,73,103.6,59,68.3,148,+.017,152,+4.77,69,113.6,48,108.8,99,-0.19,190
58,Akron,MAC,15-4,+13.53,124.0,20,110.5,174,71.3,31,-.041,273,-3.38,275,109.4,226,112.8,313,-2.72,260
59,West Virginia,B12,12-6,+13.16,115.8,87,102.7,47,62.9,359,-.024,242,+0.35,149,109.3,233,109.0,108,-8.48,351
60,Oklahoma,SEC,11-8,+12.81,120.7,46,107.9,119,67.3,203,-.081,332,+5.14,65,113.0,67,107.8,62,-6.08,325
61,Tulsa,Amer,15-3,+12.49,122.4,30,109.9,164,68.4,143,+.037,111,-0.59,190,109.9,194,110.5,183,-2.58,254
62,Belmont,MVC,17-3,+12.36,118.7,63,106.4,98,69.1,104,+.004,179,-1.84,231,107.3,307,109.2,115,-4.34,289
63,Nevada,MWC,14-5,+12.35,118.9,61,106.6,100,65.6,289,+.042,101,+3.57,86,112.3,88,108.7,94,+2.23,123
64,McNeese,Slnd,15-4,+12.34,118.5,66,106.2,94,66.4,243,+.060,69,-0.11,166,109.3,236,109.4,124,+11.41,14
65,Providence,BE,9-10,+12.28,123.0,27,110.7,177,72.8,13,-.129,361,+8.49,22,114.1,33,105.6,12,+0.01,185
66,Mississippi,SEC,11-8,+12.27,116.2,82,103.9,65,65.4,297,-.037,265,+6.20,45,113.4,50,107.2,46,-1.37,223
67,Boise St.,MWC,11-8,+12.22,114.3,107,102.1,46,66.6,232,+.034,119,+9.69,12,115.6,16,105.9,15,+7.37,36
68,Oklahoma St.,B12,14-5,+12.13,118.3,69,106.2,95,73.1,12,+.065,58,+4.30,74,112.6,72,108.3,80,-2.57,253
69,Syracuse,ACC,12-6,+12.09,115.4,94,103.3,53,68.0,160,-.011,217,+1.45,123,108.8,264,107.4,49,-3.43,277
70,Northwestern,B10,8-10,+12.07,119.5,55,107.4,110,65.9,273,-.165,365,+7.24,33,114.0,35,106.7,32,-2.00,239
71,Dayton,A10,14-4,+12.04,112.1,134,100.0,27,67.7,176,+.025,134,-1.55,221,110.3,164,111.9,269,-0.58,197
72,Wake Forest,ACC,11-8,+11.91,114.8,102,102.8,50,69.7,79,-.025,244,+7.43,32,115.3,20,107.9,68,+1.38,145
73,South Carolina,SEC,11-8,+11.61,115.9,86,104.2,73,66.2,254,-.082,333,+1.71,119,112.4,82,110.7,199,-8.90,356
74,George Mason,A10,18-1,+11.59,116.5,77,104.9,84,64.8,318,+.052,81,-3.90,287,109.4,228,113.3,337,-7.10,337
75,California,ACC,14-5,+11.47,115.5,91,104.1,68,67.1,212,+.058,73,+2.27,108,112.4,83,110.1,160,-6.69,333
76,George Washington,A10,12-7,+11.45,120.8,44,109.3,148,70.2,64,-.123,360,-0.82,197,109.6,211,110.5,182,-2.58,255
77,Stanford,ACC,14-5,+11.17,115.4,93,104.2,71,67.7,185,+.128,9,+5.27,64,112.3,89,107.0,40,-1.19,218
78,Notre Dame,ACC,10-8,+11.13,114.7,103,103.6,60,65.2,307,-.058,304,+5.96,48,112.9,69,106.9,38,+0.03,182
79,Colorado,B12,12-7,+10.82,118.7,64,107.9,120,69.1,103,-.043,279,+4.46,73,113.2,57,108.7,96,-1.18,217
80,Yale,Ivy,14-3,+10.69,123.0,25,112.4,224,65.9,270,+.093,28,-0.86,199,110.5,154,111.4,246,+0.57,166
81,South Florida,Amer,11-7,+10.53,116.5,78,106.0,92,72.4,17,-.080,330,+3.54,87,113.1,61,109.6,138,+3.97,82
82,Minnesota,B10,10-9,+10.32,114.2,109,103.9,64,63.4,351,-.065,316,+5.51,59,114.4,30,108.9,107,-9.64,360
83,Mississippi St.,SEC,10-8,+10.29,114.2,108,104.0,66,69.0,111,+.001,188,+7.06,36,114.8,25,107.8,60,+2.43,121
84,Kansas St.,B12,10-9,+10.05,116.9,76,106.8,102,72.4,14,-.072,322,+7.04,38,115.1,24,108.0,72,+0.85,159
85,Grand Canyon,MWC,11-6,+9.97,110.8,154,100.8,36,67.9,164,-.012,220,+0.70,139,111.7,106,111.0,215,-5.52,313
86,Arizona St.,B12,10-8,+9.96,118.9,60,109.0,138,70.2,65,+.061,67,+10.10,10,115.6,15,105.5,11,+4.95,65
87,Murray St.,MVC,16-3,+9.87,119.5,56,109.6,156,71.9,22,+.065,60,-2.58,246,109.3,234,111.9,272,-3.08,266
88,Illinois St.,MVC,13-6,+9.41,115.0,101,105.6,87,66.5,236,-.052,294,-1.68,226,109.3,231,111.0,216,-2.18,248
89,Oregon,B10,8-11,+9.22,115.6,90,106.3,97,66.1,258,-.060,308,+9.99,11,115.2,22,105.2,6,+1.94,129
90,Miami OH,MAC,20-0,+9.04,117.9,71,108.9,136,71.0,40,+.109,14,-6.36,339,107.7,294,114.1,357,-10.42,362
91,Colorado St.,MWC,12-7,+9.02,121.8,36,112.8,237,62.3,363,+.002,187,+1.90,116,111.6,115,109.7,142,-3.22,271
92,Memphis,Amer,9-8,+9.00,109.2,190,100.2,31,69.2,101,-.029,250,+5.76,51,113.6,46,107.9,65,+9.56,20
93,Florida Atlantic,Amer,13-6,+8.95,114.7,105,105.7,88,70.8,44,-.013,225,+2.94,97,111.8,105,108.8,101,+3.89,84
94,Xavier,BE,11-7,+8.86,114.1,111,105.2,85,70.1,67,+.073,45,+6.40,43,112.4,80,106.0,16,+1.39,142
95,Utah Valley,WAC,15-4,+8.70,114.1,112,105.4,86,70.4,55,+.061,65,-0.46,183,108.9,258,109.4,122,+2.52,119
96,Pittsburgh,ACC,8-10,+8.08,116.2,80,108.2,123,64.4,331,-.087,342,+5.64,55,113.1,63,107.5,53,+0.81,160
97,High Point,BSth,17-4,+8.04,120.0,54,111.9,216,69.6,86,-.005,203,-8.93,359,104.6,363,113.5,344,-9.12,357
98,Stephen F. Austin,Slnd,16-3,+8.02,111.5,142,103.4,58,65.7,282,-.054,299,-4.37,300,107.2,310,111.6,254,-4.38,292
99,Liberty,CUSA,15-3,+7.87,119.1,57,111.2,186,64.0,341,+.162,2,-0.68,193,109.1,246,109.8,148,+1.35,146
100,Georgetown,BE,9-9,+7.31,115.6,89,108.3,125,66.7,225,-.074,326,+4.85,67,111.7,110,106.8,33,-5.46,312
101,Hawaii,BW,13-4,+7.26,107.0,227,99.8,26,68.9,120,-.008,209,-6.17,336,107.1,312,113.2,335,-12.42,364
102,Wichita St.,Amer,11-8,+7.04,114.7,104,107.6,113,65.3,304,-.111,357,+0.24,154,110.4,163,110.1,164,-2.60,257
103,Wyoming,MWC,11-8,+6.83,115.3,95,108.5,127,67.0,215,-.068,317,+0.57,145,110.1,182,109.5,135,-5.25,310
104,UC San Diego,BW,14-5,+6.57,115.9,84,109.3,150,67.0,216,-.026,246,-1.90,234,108.4,276,110.3,176,-0.10,188
105,San Francisco,WCC,13-8,+6.47,114.1,110,107.6,112,65.4,298,-.029,251,+0.73,138,110.0,184,109.3,117,+0.89,158
106,Florida St.,ACC,8-11,+6.41,114.6,106,108.2,124,72.4,16,-.094,348,+7.45,31,113.2,59,105.7,14,-2.18,247
107,DePaul,BE,11-8,+6.18,109.6,181,103.4,57,67.4,198,+.005,176,+1.98,112,111.5,120,109.5,133,-10.98,363
108,Northern Iowa,MVC,12-7,+5.94,105.6,256,99.7,25,62.0,364,-.046,282,-0.22,172,109.7,209,109.9,151,-0.92,208
109,Hofstra,CAA,13-6,+5.87,115.3,96,109.5,154,65.7,286,-.041,272,+1.11,131,110.4,159,109.3,118,+3.60,89
110,Oakland,Horz,11-9,+5.79,118.9,59,113.1,243,71.5,27,+.047,90,+5.56,57,113.4,51,107.9,64,+17.07,2
111,Sam Houston St.,CUSA,11-7,+5.57,113.3,120,107.8,118,71.2,34,-.046,281,+3.45,88,113.1,62,109.7,146,+5.10,61
112,Bowling Green,MAC,13-6,+5.50,111.8,137,106.3,96,67.9,165,-.076,327,-2.61,248,109.3,239,111.9,268,-7.14,340
113,Troy,SB,13-6,+5.39,115.0,100,109.6,157,66.7,227,-.019,237,-1.14,207,109.3,237,110.4,179,+3.56,93
114,Maryland,B10,8-10,+5.27,111.7,140,106.5,99,67.7,182,+.012,164,+8.66,21,115.3,21,106.7,29,-0.12,189
115,Richmond,A10,13-6,+5.13,114.1,114,108.9,137,68.4,145,-.013,222,-4.05,292,108.4,277,112.5,297,-8.02,348
116,Utah,B12,9-10,+5.07,116.9,75,111.9,214,68.7,128,+.001,189,+6.37,44,113.6,49,107.2,48,-0.68,202
117,Rhode Island,A10,10-8,+5.05,109.9,172,104.9,82,65.6,291,-.080,331,-2.84,255,109.6,216,112.4,296,-4.78,303
118,UNLV,MWC,10-8,+4.76,113.3,121,108.5,129,70.6,49,+.003,181,+2.64,102,111.3,126,108.7,95,+1.00,155
119,Penn St.,B10,9-9,+4.73,116.3,79,111.6,208,67.1,210,-.011,216,+3.92,80,113.3,53,109.4,121,-7.98,347
120,Pacific,WCC,13-8,+4.68,113.4,119,108.7,131,65.0,311,+.007,175,-0.05,164,109.6,213,109.7,143,+0.23,178
121,UNC Wilmington,CAA,17-2,+4.52,112.6,129,108.1,122,64.9,314,+.059,71,-8.29,357,104.8,360,113.0,328,-9.33,359
122,UAB,Amer,12-7,+4.44,113.2,124,108.8,132,69.5,87,-.006,207,-1.15,208,109.8,199,111.0,212,-4.72,300
123,Marquette,BE,7-13,+4.41,112.2,133,107.7,115,69.6,84,-.085,335,+8.33,23,114.4,29,106.1,18,+1.48,139
124,Winthrop,BSth,13-8,+4.31,115.3,97,111.0,182,68.5,137,-.047,284,-1.62,222,110.2,173,111.9,266,+2.14,124
125,New Mexico St.,CUSA,10-7,+4.14,113.6,117,109.4,152,66.7,226,-.113,358,+0.32,150,109.8,198,109.5,131,+0.07,181
126,Seattle,WCC,13-7,+3.92,105.0,270,101.0,39,68.4,139,+.047,91,+0.11,160,111.4,122,111.3,233,-4.94,305
127,UC Irvine,BW,12-7,+3.84,105.6,258,101.7,42,67.9,167,-.015,232,-1.25,212,109.0,255,110.2,171,+0.24,177
128,Georgia Tech,ACC,11-8,+3.74,109.6,182,105.8,90,70.8,46,+.011,168,-1.76,229,107.7,297,109.4,127,-8.77,355
129,Duquesne,A10,10-9,+3.36,112.5,131,109.1,144,71.1,36,-.098,350,+0.26,153,110.6,153,110.3,175,-5.78,316
130,East Tennessee St.,SC,13-6,+3.31,112.6,128,109.3,147,66.3,249,-.042,276,-7.36,351,107.0,314,114.4,358,-5.25,309
131,Wright St.,Horz,12-7,+3.28,113.3,122,110.0,165,65.8,276,-.035,263,-1.69,227,111.6,114,113.3,336,+1.26,148
132,Middle Tennessee,CUSA,11-7,+3.24,110.1,168,106.9,103,65.3,301,+.043,100,+4.64,71,112.1,95,107.5,54,+12.60,8
133,Davidson,A10,11-6,+3.24,111.0,150,107.8,116,64.4,332,+.086,36,+0.67,142,110.6,151,110.0,152,-0.19,191
134,St. Thomas,Sum,15-5,+3.13,113.3,123,110.1,167,68.7,127,+.053,79,-3.97,290,109.5,221,113.4,341,-2.33,250
135,Southern Illinois,MVC,8-11,+3.05,107.3,221,104.2,72,70.1,68,-.131,364,+3.68,84,112.2,90,108.5,90,+1.39,143
136,North Texas,Amer,11-7,+3.01,103.8,289,100.8,37,64.8,316,+.049,83,+1.48,122,111.7,112,110.2,168,-2.69,259
137,Bradley,MVC,13-7,+2.94,111.8,139,108.8,133,68.2,154,+.046,93,-1.30,216,109.0,252,110.3,174,-4.52,295
138,Cal Baptist,WAC,13-6,+2.73,109.7,177,107.0,104,65.4,296,+.068,52,-2.64,249,107.9,291,110.5,187,-3.70,281
139,Fresno St.,MWC,9-9,+2.62,106.8,233,104.2,70,67.8,174,-.048,290,+1.68,120,112.0,100,110.4,177,-3.24,273
140,Mercer,SC,12-7,+2.38,115.0,99,112.6,233,70.0,70,+.003,182,+0.86,135,111.6,113,110.8,203,+6.13,51
141,North Dakota St.,Sum,16-5,+2.26,111.3,145,109.1,140,66.7,228,+.015,153,-4.49,304,107.9,290,112.4,295,-1.75,233
142,William & Mary,CAA,12-6,+2.07,109.8,173,107.8,117,74.1,5,+.037,112,-1.20,210,108.9,256,110.2,166,+1.69,133
143,Rutgers,B10,9-10,+1.91,110.4,164,108.4,126,65.8,277,+.064,62,+6.95,39,113.2,56,106.2,22,-6.81,334
144,UT Arlington,WAC,12-6,+1.71,105.3,265,103.6,62,65.7,287,+.091,30,+0.44,148,109.4,229,108.9,105,+2.27,122
145,St. Bonaventure,A10,12-7,+1.67,114.1,113,112.4,226,66.9,222,-.032,255,-2.92,257,108.9,263,111.8,263,-4.12,286
146,Washington St.,WCC,8-12,+1.67,113.0,127,111.3,192,67.2,209,-.048,288,+5.57,56,112.7,71,107.1,43,+4.08,79
147,Temple,Amer,11-7,+1.67,113.1,125,111.4,196,66.3,247,-.011,215,-3.16,266,106.9,317,110.1,159,-3.30,275
148,Kent St.,MAC,14-5,+1.56,115.5,92,113.9,259,72.0,20,+.139,6,-3.33,274,110.5,156,113.8,353,-3.79,283
149,Marist,MAAC,12-6,+1.49,102.1,313,100.6,34,67.1,211,-.057,302,-8.28,356,105.5,352,113.8,351,-6.34,330
150,Illinois Chicago,MVC,10-10,+1.33,108.5,205,107.2,106,66.6,234,-.090,345,-0.23,173,109.8,197,110.0,157,-4.30,288
151,Boston College,ACC,8-10,+1.29,104.7,277,103.4,54,65.7,281,-.062,311,+0.47,147,110.4,158,110.0,153,-6.31,328
152,Montana St.,BSky,11-8,+1.25,110.6,158,109.4,151,65.8,280,-.059,305,+1.21,129,112.5,78,111.3,235,+4.68,72
153,Loyola Marymount,WCC,11-10,+1.05,105.5,260,104.5,75,67.7,183,-.010,212,-0.07,165,111.2,134,111.3,232,-5.54,314
154,Elon,CAA,12-7,+0.83,117.4,74,116.5,302,67.7,181,+.009,171,-2.52,245,110.0,187,112.5,302,-1.48,227
155,Lipscomb,ASun,12-7,+0.79,109.8,175,109.0,139,70.7,48,+.066,57,-2.26,237,109.6,212,111.9,270,+4.77,69
156,UC Santa Barbara,BW,11-7,+0.72,115.6,88,114.9,274,64.3,334,-.010,213,-3.01,262,107.8,293,110.8,205,-1.40,225
157,Arkansas St.,SB,12-7,+0.70,112.5,130,111.8,212,73.1,11,+.105,19,+0.53,146,110.2,175,109.7,144,+2.99,109
158,Portland St.,BSky,11-5,+0.51,106.5,240,106.0,93,68.8,122,+.012,167,-2.32,239,110.3,168,112.6,306,+1.18,150
159,Kennesaw St.,CUSA,12-6,+0.46,110.6,159,110.1,166,73.5,9,+.029,126,-2.98,260,109.0,254,112.0,279,-4.75,301
160,Toledo,MAC,10-9,+0.37,115.1,98,114.7,272,68.8,123,-.033,257,-0.35,179,110.9,142,111.3,238,+2.51,120
161,Montana,BSky,10-9,-0.03,111.3,144,111.3,193,69.8,75,-.003,197,+0.70,140,111.7,111,111.0,214,+4.77,70
162,Valparaiso,MVC,9-10,-0.10,106.9,232,107.0,105,65.9,269,-.038,269,+1.00,133,110.1,178,109.1,113,-5.74,315
163,Furman,SC,13-6,-0.12,108.7,198,108.8,134,66.9,221,+.069,49,-2.97,259,110.7,148,113.7,347,+0.72,163
164,UC Davis,BW,11-7,-0.14,111.4,143,111.6,206,69.0,116,+.061,66,-0.48,185,109.0,253,109.5,132,+1.63,136
165,Western Kentucky,CUSA,11-7,-0.43,109.2,192,109.6,155,70.3,59,+.039,107,-1.11,206,109.7,202,110.9,208,+0.52,168
166,Queens,ASun,11-8,-0.59,117.5,72,118.1,325,69.1,107,+.073,46,-0.78,196,112.2,93,112.9,324,+6.81,42
167,Columbia,Ivy,12-6,-0.71,110.8,153,111.5,201,67.7,187,+.065,61,-4.06,295,109.7,205,113.8,350,-6.32,329
168,Harvard,Ivy,10-8,-0.71,109.8,174,110.5,176,63.7,347,-.015,231,-3.65,283,107.9,292,111.5,252,-2.81,262
169,Northern Kentucky,Horz,14-7,-0.87,110.4,163,111.3,189,70.2,63,+.012,165,-6.35,338,109.7,206,116.0,365,-4.75,302
170,Towson,CAA,11-9,-1.05,104.8,273,105.9,91,63.7,348,+.060,68,+0.60,144,111.3,127,110.7,202,+3.58,92
171,Drake,MVC,9-10,-1.09,109.8,176,110.8,179,66.2,251,-.091,347,+0.10,161,109.7,203,109.6,140,-4.45,294
172,Saint Joseph's,A10,11-8,-1.18,106.0,248,107.2,107,67.8,172,+.082,40,+0.30,151,110.0,186,109.7,145,-4.70,299
173,Tarleton St.,WAC,11-8,-1.23,110.0,171,111.3,190,71.3,32,-.019,236,+0.69,141,108.9,261,108.2,76,+3.39,100
174,Northern Colorado,BSky,11-9,-1.29,111.8,138,113.1,240,68.7,126,-.038,268,-1.37,217,110.3,165,111.7,258,-1.39,224
175,Marshall,SB,12-7,-1.36,110.7,156,112.1,219,69.8,76,+.063,63,-3.19,267,108.7,267,111.9,275,-0.95,211
176,Charleston,CAA,11-8,-1.53,110.1,170,111.6,209,67.9,166,+.055,74,-1.40,218,110.0,188,111.3,242,-0.65,200
177,Penn,Ivy,9-8,-1.58,110.9,151,112.5,229,69.6,85,+.007,173,-0.92,201,109.1,245,110.1,158,-0.30,193
178,Austin Peay,ASun,11-6,-1.67,105.5,259,107.2,108,69.2,99,+.024,141,-2.81,253,110.1,180,112.9,322,+1.69,134
179,Charlotte,Amer,10-9,-1.68,113.1,126,114.8,273,63.5,349,-.013,223,-1.85,232,109.4,225,111.2,229,-1.62,229
180,Quinnipiac,MAAC,13-7,-1.77,107.3,220,109.1,141,70.2,66,+.089,33,-5.18,317,107.0,315,112.1,285,+1.02,154
181,Texas A&M Corpus Chris,Slnd,10-9,-1.83,102.9,304,104.7,80,66.1,262,-.005,206,+3.59,85,112.3,86,108.7,93,+17.70,1
182,Massachusetts,MAC,12-8,-1.91,107.2,222,109.1,146,71.9,21,-.072,321,-5.74,327,108.0,288,113.7,349,-7.10,336
183,FIU,CUSA,9-9,-1.92,109.3,188,111.2,188,71.8,23,-.053,297,-0.14,168,110.9,141,111.1,219,+0.42,173
184,Campbell,CAA,9-10,-1.95,111.3,146,113.2,246,70.4,57,+.042,102,+4.77,68,113.2,60,108.4,83,+7.51,35
185,Buffalo,MAC,13-6,-1.96,114.0,115,116.0,288,66.7,229,+.013,163,-5.37,321,108.1,286,113.4,342,-8.23,349
186,Eastern Michigan,MAC,9-10,-2.14,106.9,230,109.1,142,65.8,274,-.017,235,+0.30,152,110.7,147,110.4,181,+2.65,116
187,South Dakota St.,Sum,10-10,-2.18,110.5,160,112.6,232,67.9,169,-.101,352,-2.26,236,108.9,257,111.2,224,+1.27,147
188,Cornell,Ivy,8-9,-2.18,118.5,67,120.6,348,73.7,8,-.060,309,-0.15,169,110.3,172,110.4,178,+0.45,169
189,Siena,MAAC,13-7,-2.20,107.6,215,109.8,160,64.7,325,-.014,226,-9.46,363,105.0,358,114.4,359,-5.99,321
190,Colgate,PL,11-8,-2.32,111.6,141,114.0,261,66.6,233,+.067,55,-2.84,254,109.1,249,111.9,276,+4.65,73
191,Idaho,BSky,11-7,-2.38,110.4,161,112.8,236,67.0,219,+.046,94,-0.56,189,110.8,146,111.3,241,+0.80,162
192,Tulane,Amer,12-6,-2.69,109.6,180,112.3,222,66.0,267,+.157,3,-4.17,296,107.0,313,111.2,222,-4.60,296
193,Weber St.,BSky,10-9,-2.83,109.5,183,112.4,225,69.8,78,-.070,319,-3.57,279,108.3,280,111.8,265,-0.99,212
194,Indiana St.,MVC,9-10,-2.84,108.3,207,111.2,184,68.9,118,-.027,248,-0.29,177,108.6,269,108.9,103,-6.07,322
195,Portland,WCC,10-11,-2.94,106.9,231,109.9,162,69.5,88,+.036,115,+1.38,125,111.7,108,110.3,173,-0.74,204
196,Florida Gulf Coast,ASun,8-11,-3.08,111.9,136,115.0,276,68.6,131,-.094,349,-2.49,243,110.0,183,112.5,304,+0.95,157
197,Navy,PL,13-6,-3.11,104.4,282,107.5,111,66.1,264,+.047,89,-10.15,364,104.6,362,114.7,361,-8.77,354
198,Fordham,A10,10-9,-3.39,105.9,250,109.3,149,63.9,344,-.103,355,-6.70,344,106.8,321,113.5,343,-15.36,365
199,Idaho St.,BSky,10-9,-3.39,112.4,132,115.8,286,64.3,333,-.036,264,-1.21,211,109.9,190,111.1,220,+3.04,107
200,Robert Morris,Horz,12-8,-3.43,110.8,152,114.2,267,65.3,305,+.070,48,-3.61,281,109.3,238,112.9,320,-3.59,278
201,UT Rio Grande Valley,Slnd,8-11,-3.43,106.5,239,109.9,163,67.3,205,-.065,315,-0.29,176,109.2,241,109.5,134,+7.12,38
202,Cal St. Fullerton,BW,8-12,-3.46,108.1,210,111.6,207,74.5,3,-.047,285,+2.66,100,112.1,96,109.5,129,+5.31,60
203,Tennessee Martin,OVC,15-5,-3.53,104.5,281,108.0,121,64.8,321,+.122,11,-6.40,341,105.2,355,111.6,256,-0.80,205
204,CSUN,BW,11-9,-3.53,108.6,200,112.1,220,73.7,6,+.065,59,-0.94,202,109.5,220,110.4,180,+0.01,184
205,San Diego,WCC,8-12,-3.68,107.8,213,111.5,199,69.8,74,-.014,228,+2.43,103,111.5,119,109.1,112,-2.06,241
206,Missouri St.,CUSA,10-8,-3.76,108.2,209,112.0,217,64.8,319,+.017,151,-1.69,228,108.8,265,110.5,184,-2.06,240
207,South Alabama,SB,13-6,-3.96,106.3,244,110.2,169,64.6,326,+.089,32,-6.38,340,106.4,331,112.8,316,-5.07,307
208,Youngstown St.,Horz,9-11,-4.21,107.3,218,111.5,204,67.0,220,-.130,362,-3.30,272,110.3,166,113.6,346,-2.15,244
209,Merrimack,MAAC,12-8,-4.24,106.7,235,110.9,180,63.9,342,+.164,1,-2.37,241,108.9,259,111.3,236,+3.16,105
210,Drexel,CAA,9-11,-4.24,104.9,272,109.1,143,63.8,345,-.099,351,-5.09,314,106.1,339,111.2,225,-8.70,353
211,Central Arkansas,ASun,9-10,-4.31,107.0,226,111.4,194,67.8,175,-.065,314,-2.61,247,110.4,157,113.0,329,+5.38,58
212,Monmouth,CAA,9-10,-4.35,104.5,280,108.9,135,66.2,253,-.024,241,-3.06,263,108.0,289,111.0,217,-3.31,276
213,Oregon St.,WCC,10-11,-4.37,109.1,194,113.5,251,65.3,300,+.069,51,-0.26,174,108.9,262,109.1,114,-2.54,251
214,LIU,NEC,11-8,-4.39,107.8,212,112.2,221,68.4,140,+.111,12,-4.06,294,108.1,284,112.2,288,+2.07,126
215,Lamar,Slnd,10-9,-4.41,104.3,283,108.7,130,65.7,284,+.009,170,-2.72,251,108.8,266,111.5,250,+0.37,174
216,Utah Tech,WAC,10-10,-4.44,107.0,228,111.5,198,66.5,238,+.043,98,+1.36,126,110.1,181,108.8,97,+3.33,102
217,New Orleans,Slnd,7-12,-4.47,113.4,118,117.9,320,69.4,91,+.019,146,+3.19,94,110.2,174,107.0,42,+15.61,3
218,American,PL,11-8,-4.70,107.3,219,112.0,218,67.6,190,+.069,50,-4.33,298,108.0,287,112.3,292,+0.42,172
219,Ohio,MAC,11-9,-4.77,108.5,206,113.2,245,69.7,82,+.089,34,-1.53,220,109.3,232,110.9,209,+2.05,127
220,Charleston Southern,BSth,11-9,-4.83,106.6,236,111.5,200,71.1,35,-.068,318,-5.65,326,107.5,299,113.2,332,-4.98,306
221,Vermont,AE,11-8,-4.87,110.8,155,115.6,284,65.2,306,+.014,160,-4.84,310,106.9,318,111.7,260,-1.52,228
222,Dartmouth,Ivy,9-8,-4.98,108.5,204,113.5,250,69.9,72,+.014,157,-2.94,258,109.2,243,112.1,283,-3.17,270
223,Appalachian St.,SB,11-9,-5.06,106.6,238,111.6,210,62.4,362,+.032,121,-3.91,288,108.6,271,112.5,300,-1.44,226
224,Southern Miss,SB,11-9,-5.16,106.0,247,111.2,185,68.1,159,+.044,97,-3.59,280,108.3,279,111.9,273,+2.92,111
225,Nicholls,Slnd,8-11,-5.19,109.2,191,114.4,268,68.9,121,+.039,106,+2.40,105,111.3,129,108.9,104,+11.07,16
226,Long Beach St.,BW,8-11,-5.33,108.5,201,113.9,257,68.3,149,+.022,143,+0.79,137,109.9,195,109.1,110,+4.24,78
227,Wofford,SC,12-7,-5.39,110.4,162,115.8,287,68.2,152,+.127,10,-4.44,303,110.6,152,115.1,364,-3.09,267
228,Purdue Fort Wayne,Horz,12-8,-5.45,108.5,203,114.0,260,68.3,151,+.151,4,-0.17,171,111.5,118,111.7,259,+8.36,25
229,Princeton,Ivy,6-13,-5.47,105.5,262,110.9,181,64.8,322,-.078,329,-0.46,184,110.8,143,111.3,239,-0.87,206
230,Iona,MAAC,12-8,-5.48,105.3,264,110.8,178,70.8,45,+.091,31,-6.16,335,106.3,333,112.5,303,-3.62,280
231,Jacksonville St.,CUSA,9-9,-5.57,105.8,251,111.4,195,63.9,343,+.013,161,-3.51,277,108.2,282,111.7,257,-5.23,308
232,La Salle,A10,6-13,-5.57,107.0,229,112.6,231,64.7,323,-.032,254,+5.45,61,113.8,40,108.3,81,+3.00,108
233,Saint Peter's,MAAC,11-6,-5.64,104.0,285,109.6,158,66.0,268,+.102,22,-7.33,350,105.0,357,112.4,293,-0.67,201
234,Eastern Washington,BSky,4-14,-5.67,110.6,157,116.3,295,69.0,115,-.117,359,+4.07,78,112.5,77,108.4,86,+6.42,48
235,UNC Asheville,BSth,8-12,-5.76,105.7,255,111.5,197,66.1,260,-.088,343,-1.26,214,111.0,140,112.3,291,+0.02,183
236,Northeastern,CAA,6-12,-5.79,109.5,184,115.2,280,69.9,71,-.038,270,-0.39,181,110.8,145,111.2,223,+0.42,171
237,Incarnate Word,Slnd,9-10,-5.92,107.1,223,113.0,239,66.1,261,-.013,221,-0.67,192,110.3,167,111.0,213,+6.48,47
238,Rice,Amer,8-10,-6.02,108.6,199,114.7,271,65.3,303,+.014,159,-0.32,178,109.6,210,110.0,154,-1.68,231
239,Green Bay,Horz,11-9,-6.19,111.1,149,117.3,315,62.7,360,+.107,16,-0.82,198,112.0,102,112.8,315,+5.92,55
240,Tennessee St.,OVC,12-6,-6.20,107.1,224,113.3,247,71.3,33,+.137,7,-4.64,306,106.6,324,111.3,231,+5.75,56
241,James Madison,SB,9-10,-6.23,110.3,165,116.6,303,65.1,310,+.066,56,-2.11,235,109.9,192,112.0,280,-2.64,258
242,Georgia Southern,SB,13-7,-6.28,110.1,169,116.4,296,71.1,37,+.084,38,-7.26,349,105.5,353,112.7,311,-7.26,342
243,Old Dominion,SB,6-14,-6.32,106.5,241,112.8,235,69.4,93,-.085,337,+1.28,128,111.3,131,110.0,156,+7.93,30
244,Hampton,CAA,9-10,-6.32,104.8,274,111.1,183,65.3,302,-.041,275,-5.15,316,106.1,338,111.3,234,-6.09,326
245,Cal Poly,BW,7-12,-6.49,106.0,249,112.5,228,74.5,4,+.048,85,+1.90,117,111.4,121,109.5,136,+5.02,64
246,Coastal Carolina,SB,11-9,-6.63,103.6,296,110.2,168,68.0,162,+.106,17,-3.25,269,108.1,283,111.4,245,-1.11,216
247,Lindenwood,OVC,11-8,-6.63,103.1,300,109.8,161,72.3,18,+.044,96,-5.24,318,106.1,341,111.3,240,+3.43,98
248,Louisiana Tech,CUSA,10-8,-6.65,100.8,327,107.4,109,63.4,355,+.024,140,-4.54,305,107.7,296,112.2,289,-6.60,332
249,Samford,SC,9-10,-6.83,109.6,179,116.5,300,66.5,239,+.018,149,-3.00,261,109.9,189,112.9,323,+0.16,180
250,Southeast Missouri,OVC,10-10,-6.94,104.6,278,111.6,205,70.0,69,-.031,253,-4.94,311,106.5,329,111.5,248,+4.76,71
251,San Jose St.,MWC,6-13,-7.00,109.4,187,116.4,298,64.0,340,+.004,180,+4.89,66,112.1,97,107.2,45,+1.38,144
252,Milwaukee,Horz,8-12,-7.03,108.5,202,115.5,283,67.8,173,+.013,162,-0.03,163,112.5,79,112.5,301,+6.64,44
253,Southern,SWAC,7-11,-7.16,103.3,298,110.5,173,71.5,29,-.004,199,+4.23,76,113.3,52,109.1,111,+13.30,6
254,Western Michigan,MAC,7-12,-7.25,109.4,185,116.7,305,68.0,161,-.013,224,-0.14,167,110.4,160,110.5,189,-2.18,246
255,Abilene Christian,WAC,10-9,-7.54,103.7,292,111.2,187,65.9,271,+.110,13,+0.20,156,109.0,251,108.8,100,+0.98,156
256,Eastern Kentucky,ASun,7-12,-7.60,110.2,167,117.8,319,67.1,214,-.037,266,-0.61,191,111.3,130,111.9,274,+3.46,97
257,Stony Brook,CAA,11-9,-7.85,105.4,263,113.2,244,65.0,313,+.095,25,-3.24,268,107.4,304,110.6,191,-3.90,284
258,Chattanooga,SC,9-10,-8.10,108.1,211,116.2,291,66.4,242,+.007,172,-4.72,309,109.3,240,114.0,355,-2.83,263
259,Denver,Sum,9-11,-8.10,115.9,85,124.0,361,68.3,150,+.044,95,+2.36,106,112.6,76,110.2,170,+6.61,45
260,SIUE,OVC,11-8,-8.21,100.9,324,109.1,145,64.8,317,+.007,174,-9.20,362,104.7,361,113.9,354,-6.93,335
261,Radford,BSth,11-9,-8.28,109.1,195,117.3,316,71.5,30,+.003,184,-9.04,361,105.8,346,114.8,362,-5.79,318
262,Nebraska Omaha,Sum,9-11,-8.31,108.7,197,117.0,311,66.5,237,+.012,166,-0.68,194,110.4,162,111.1,218,+3.39,101
263,Fairfield,MAAC,11-9,-8.33,110.2,166,118.6,329,67.5,195,+.015,154,-8.65,358,104.3,364,112.9,321,-7.41,344
264,Howard,MEAC,12-8,-8.38,101.0,321,109.4,153,68.5,132,+.039,105,-7.38,352,105.3,354,112.7,309,-3.12,268
265,Bethune Cookman,SWAC,7-11,-8.42,105.7,253,114.2,266,68.4,144,+.046,92,+3.24,92,111.3,132,108.0,71,+13.91,4
266,Brown,Ivy,7-10,-8.62,99.9,337,108.5,128,66.1,259,-.061,310,-5.51,324,108.2,281,113.7,348,-7.46,345
267,Southeastern Louisiana,Slnd,5-14,-8.97,100.7,329,109.7,159,66.1,265,-.024,240,+0.17,158,109.6,217,109.4,126,+5.62,57
268,Texas St.,SB,11-9,-8.99,102.7,307,111.6,211,67.0,218,+.082,39,-7.11,348,105.7,350,112.8,314,-8.49,352
269,Le Moyne,NEC,9-10,-9.00,106.3,242,115.3,281,68.9,119,-.015,233,-6.70,345,106.1,337,112.8,317,-1.83,234
270,Central Connecticut,NEC,10-7,-9.11,108.2,208,117.3,317,65.4,295,+.094,26,-5.51,323,105.7,348,111.3,230,-0.92,209
271,Pepperdine,WCC,6-14,-9.23,101.3,319,110.5,175,66.6,230,-.043,278,+1.52,121,111.2,136,109.7,147,-3.08,265
272,UC Riverside,BW,7-12,-9.38,105.5,261,114.9,275,67.7,186,+.014,158,+2.12,110,110.5,155,108.4,84,+5.07,62
273,Sacred Heart,MAAC,7-13,-9.40,109.4,186,118.8,334,68.5,135,-.073,324,-4.65,307,106.9,319,111.5,253,-0.49,196
274,UMBC,AE,10-7,-9.67,107.0,225,116.7,306,66.0,266,+.036,114,-11.57,365,103.4,365,115.0,363,-7.33,343
275,Georgia St.,SB,7-12,-9.72,100.6,333,110.3,170,68.4,141,-.035,261,-0.53,187,110.0,185,110.5,185,+2.65,117
276,East Carolina,Amer,5-13,-9.74,100.7,331,110.4,172,69.4,95,-.056,301,-1.17,209,110.4,161,111.6,255,-2.54,252
277,Grambling St.,SWAC,8-10,-9.85,102.7,306,112.5,230,68.0,163,+.030,125,-3.33,273,107.3,306,110.7,198,+1.47,141
278,Western Carolina,SC,6-11,-9.86,106.8,234,116.7,304,68.7,129,+.035,117,+2.20,109,111.6,116,109.4,120,+10.07,19
279,Presbyterian,BSth,10-10,-9.88,103.9,286,113.8,256,63.1,357,-.011,218,-5.09,315,107.6,298,112.7,307,-2.11,242
280,UTEP,CUSA,6-12,-9.91,103.7,293,113.6,253,64.6,327,+.027,132,+1.95,115,109.6,218,107.6,55,+3.53,94
281,Sacramento St.,BSky,6-11,-10.04,105.0,269,115.0,277,72.4,15,+.009,169,+3.36,91,112.9,68,109.6,137,+7.19,37
282,Detroit Mercy,Horz,8-10,-10.07,106.2,245,116.2,292,69.6,83,+.048,87,-2.34,240,109.8,201,112.1,284,+6.80,43
283,USC Upstate,BSth,9-11,-10.15,102.1,312,112.3,223,68.3,146,+.036,113,-2.31,238,109.1,247,111.4,247,-2.92,264
284,Jacksonville,ASun,7-12,-10.30,103.0,302,113.3,248,63.4,352,-.025,243,+1.38,124,111.4,123,110.0,155,+4.82,68
285,Northwestern St.,Slnd,6-13,-10.35,109.1,193,119.5,338,65.5,293,-.003,195,+1.20,130,109.6,214,108.4,85,+8.15,27
286,Evansville,MVC,5-15,-10.58,99.8,338,110.4,171,68.4,138,-.041,274,+3.86,81,112.1,99,108.2,75,+3.65,87
287,East Texas A&M,Slnd,8-12,-10.61,100.9,326,111.5,202,69.3,96,+.040,104,+0.84,136,109.7,204,108.9,102,+6.05,52
288,Longwood,BSth,10-10,-10.74,105.8,252,116.5,301,68.3,147,+.039,108,-6.96,346,106.2,335,113.2,333,-9.90,361
289,Mount St. Mary's,MAAC,8-12,-10.80,100.7,328,111.5,203,68.8,124,+.048,86,-3.56,278,106.6,326,110.2,167,+0.43,170
290,South Dakota,Sum,10-10,-10.85,109.3,189,120.1,346,71.0,39,+.043,99,-4.39,302,108.5,274,112.9,319,-3.73,282
291,Boston University,PL,7-12,-11.01,111.2,148,122.2,356,64.0,339,-.040,271,-6.04,333,106.7,323,112.7,310,-3.23,272
292,Bellarmine,ASun,6-12,-11.09,112.0,135,123.1,359,65.2,308,-.028,249,+0.08,162,112.2,94,112.1,282,+4.29,77
293,Little Rock,OVC,9-10,-11.11,105.6,257,116.7,307,66.4,246,+.074,44,-3.85,285,106.8,320,110.7,197,+3.49,96
294,Albany,AE,7-12,-11.42,104.9,271,116.3,294,66.4,244,-.065,313,-0.27,175,110.7,149,110.9,210,+4.56,74
295,Delaware,CUSA,5-13,-11.48,103.6,295,115.0,278,63.1,356,-.047,286,-5.25,319,106.2,336,111.5,249,-5.90,320
296,Morehead St.,OVC,9-10,-11.58,106.6,237,118.2,326,65.6,292,+.099,23,-1.64,224,108.5,275,110.1,165,+7.77,31
297,UNC Greensboro,SC,7-12,-11.69,107.7,214,119.4,337,67.5,194,+.028,130,-2.79,252,110.2,177,113.0,325,-0.32,194
298,Alabama A&M,SWAC,10-8,-11.72,102.2,311,113.9,258,66.1,257,+.068,53,-7.65,353,105.7,349,113.3,340,-0.92,207
299,Houston Christian,Slnd,7-12,-11.73,107.5,217,119.3,336,64.2,335,+.014,156,-2.46,242,108.9,260,111.4,243,-1.06,214
300,Southern Utah,WAC,6-13,-11.81,101.3,320,113.1,242,70.5,52,-.049,291,+1.76,118,111.2,133,109.5,130,+3.07,106
301,Mercyhurst,NEC,8-11,-11.86,100.0,336,111.9,215,63.8,346,-.048,289,-5.83,328,107.4,302,113.3,338,+0.24,176
302,Norfolk St.,MEAC,9-12,-11.99,101.6,315,113.5,252,67.2,206,+.015,155,-4.36,299,106.4,332,110.8,204,+0.32,175
303,UMass Lowell,AE,8-11,-12.05,105.1,267,117.1,314,69.4,90,-.002,192,-3.25,270,107.3,305,110.6,190,+2.60,118
304,Alabama St.,SWAC,5-13,-12.21,104.8,275,117.0,310,69.4,92,-.053,296,+0.14,159,108.6,268,108.5,89,+8.37,24
305,Cal St. Bakersfield,BW,8-12,-12.22,102.3,309,114.5,269,69.8,77,+.062,64,-0.99,204,109.1,248,110.1,161,-1.28,221
306,Prairie View A&M,SWAC,8-11,-12.24,102.9,305,115.1,279,72.2,19,-.007,208,-1.10,205,109.5,219,110.6,193,+8.89,22
307,Lehigh,PL,8-12,-12.28,103.2,299,115.5,282,67.6,191,+.025,138,-5.85,330,106.6,325,112.5,299,-1.20,219
308,North Dakota,Sum,10-12,-12.31,106.1,246,118.4,328,67.7,177,+.071,47,-3.81,284,108.6,270,112.4,294,-0.08,187
309,Loyola Chicago,A10,5-15,-12.48,106.3,243,118.8,332,66.3,250,+.054,78,+0.22,155,109.8,196,109.6,139,-5.79,317
310,Oral Roberts,Sum,5-15,-12.58,103.4,297,116.0,289,67.5,193,-.021,239,+2.43,104,113.0,66,110.5,186,+5.05,63
311,North Carolina A&T,CAA,7-10,-13.16,103.7,290,116.9,308,69.3,98,-.034,260,-5.85,329,107.4,303,113.3,339,-9.18,358
312,Florida A&M,SWAC,7-9,-13.20,100.9,325,114.1,263,68.5,133,+.085,37,-0.15,170,109.0,250,109.2,116,+8.19,26
313,Ball St.,MAC,6-13,-13.22,102.5,308,115.7,285,64.1,337,-.002,194,-2.72,250,109.1,244,111.9,267,-4.83,304
314,Eastern Illinois,OVC,8-11,-13.52,97.8,351,111.3,191,65.7,285,+.053,80,-1.62,223,108.5,273,110.1,163,+12.03,11
315,Northern Illinois,MAC,6-12,-13.66,100.9,323,114.6,270,68.1,157,-.005,202,-0.38,180,110.3,170,110.7,194,+2.92,112
316,Lafayette,PL,5-14,-14.14,102.9,303,117.1,312,67.6,189,-.086,339,-5.02,312,107.7,295,112.7,308,-1.99,238
317,New Hampshire,AE,5-12,-14.24,98.8,343,113.0,238,67.3,201,-.049,292,+0.65,143,110.3,171,109.6,141,+6.38,50
318,Arkansas Pine Bluff,SWAC,6-13,-14.25,103.7,291,118.0,321,70.4,53,+.026,133,+3.95,79,112.4,81,108.4,87,+13.56,5
319,Bucknell,PL,6-13,-14.36,99.0,342,113.4,249,67.1,213,+.031,122,-2.50,244,109.7,208,112.2,286,+1.69,135
320,Holy Cross,PL,8-11,-14.68,101.6,314,116.3,293,64.8,320,+.059,72,-3.30,271,108.5,272,111.8,264,+1.21,149
321,Louisiana,SB,5-15,-14.73,97.9,350,112.7,234,62.7,361,-.003,196,-4.01,291,107.3,308,111.3,237,-0.93,210
322,Northern Arizona,BSky,6-14,-14.80,103.9,288,118.7,331,64.6,328,-.008,210,-0.90,200,109.8,200,110.7,200,-0.41,195
323,Central Michigan,MAC,5-14,-14.89,103.1,301,118.0,322,66.2,255,-.073,323,-0.52,186,111.0,139,111.5,251,+0.72,164
324,Southern Indiana,OVC,4-14,-15.03,98.1,349,113.1,241,68.4,142,-.104,356,-5.25,320,106.9,316,112.2,287,-1.27,220
325,North Alabama,ASun,6-11,-15.08,104.6,279,119.6,340,66.2,256,+.048,84,-3.44,276,109.6,215,113.0,327,+3.26,104
326,West Georgia,ASun,9-9,-15.21,103.6,294,118.8,333,69.0,109,+.147,5,-4.37,301,109.4,223,113.8,352,+0.80,161
327,Maryland Eastern Shore,MEAC,8-13,-15.24,98.5,345,113.8,255,63.4,354,+.034,118,-0.74,195,109.5,222,110.2,169,+5.35,59
328,Loyola MD,PL,6-14,-15.43,104.7,276,120.1,345,68.5,136,-.084,334,-7.85,355,105.8,347,113.6,345,-5.86,319
329,Wagner,NEC,6-11,-15.45,105.3,266,120.8,349,65.8,278,-.087,341,-6.54,342,105.2,356,111.8,261,+4.30,76
330,Stetson,ASun,7-12,-15.66,103.9,287,119.6,339,67.7,179,+.048,88,-1.40,219,109.4,224,110.8,207,+2.88,113
331,Jackson St.,SWAC,5-13,-15.81,102.2,310,118.0,323,71.0,38,+.094,27,+3.74,82,112.0,103,108.2,77,+13.17,7
332,NJIT,AE,9-11,-15.86,98.3,347,114.1,264,68.2,155,+.103,21,-5.39,322,106.5,328,111.9,278,+0.54,167
333,Tennessee Tech,OVC,7-12,-15.88,100.6,334,116.4,299,67.9,168,-.053,298,-5.64,325,106.6,327,112.2,290,+3.31,103
334,Manhattan,MAAC,8-13,-16.27,105.7,254,122.0,354,69.0,114,+.075,43,-6.06,334,105.8,345,111.9,271,-3.28,274
335,Cleveland St.,Horz,6-14,-16.30,107.5,216,123.8,360,69.1,108,-.001,191,-1.88,233,111.4,124,113.2,334,+3.78,85
336,New Haven,NEC,9-10,-16.74,97.4,353,114.1,265,62.9,358,+.079,41,-3.95,289,106.7,322,110.7,195,+3.51,95
337,Army,PL,7-12,-16.77,104.0,284,120.8,350,66.6,235,+.030,124,-5.94,331,108.1,285,114.0,356,-3.16,269
338,IU Indy,Horz,5-16,-16.80,105.1,268,121.9,353,74.9,1,+.028,129,-3.65,282,109.2,242,112.9,318,+0.16,179
339,Texas Southern,SWAC,4-13,-17.14,101.4,316,118.6,330,69.5,89,-.102,354,-0.44,182,109.4,227,109.8,149,+12.04,10
340,Alcorn St.,SWAC,3-14,-17.75,100.5,335,118.2,327,68.8,125,+.022,144,+4.25,75,112.0,101,107.7,58,+11.70,12
341,Stonehill,NEC,6-13,-17.88,94.6,362,112.4,227,66.5,240,-.005,204,-6.59,343,106.0,344,112.5,305,-1.35,222
342,Air Force,MWC,3-16,-18.06,96.0,359,114.1,262,65.1,309,+.005,177,+0.91,134,111.5,117,110.6,192,-6.08,324
343,North Florida,ASun,3-16,-18.10,108.8,196,126.9,365,70.9,43,-.071,320,+2.65,101,111.2,135,108.6,91,+8.12,28
344,Fairleigh Dickinson,NEC,6-13,-18.29,100.6,332,118.9,335,66.2,252,-.014,227,-4.06,293,107.2,311,111.2,227,+4.93,67
345,UTSA,Amer,4-14,-18.35,98.6,344,116.9,309,68.9,117,+.025,135,+1.29,127,111.1,137,109.8,150,+1.07,153
346,Kansas City,Sum,4-16,-18.65,99.4,339,118.1,324,69.2,102,-.010,214,+1.09,132,112.3,84,111.2,226,+4.93,66
347,VMI,SC,6-13,-18.70,101.3,318,120.0,344,67.2,208,-.000,190,-3.10,264,109.9,193,113.0,326,-1.01,213
348,Bryant,AE,6-13,-18.72,97.7,352,116.4,297,64.5,329,+.038,109,-1.68,225,107.2,309,108.9,106,+3.62,88
349,Canisius,MAAC,8-11,-18.82,97.3,355,116.1,290,64.0,338,+.105,20,-6.25,337,106.5,330,112.8,312,-2.59,256
350,North Carolina Central,MEAC,7-12,-18.95,100.9,322,119.9,342,66.9,223,+.018,150,+0.18,157,110.3,169,110.1,162,+9.18,21
351,Maine,AE,3-17,-19.66,92.2,363,111.8,213,64.7,324,-.046,280,-4.28,297,107.5,301,111.8,262,-1.65,230
352,Rider,MAAC,2-16,-20.62,96.5,357,117.1,313,65.6,290,-.060,307,-0.96,203,109.3,230,110.3,172,+10.10,18
353,The Citadel,SC,5-14,-21.15,101.4,317,122.5,358,64.5,330,-.033,258,-3.86,286,109.3,235,113.2,331,-1.84,235
354,Niagara,MAAC,5-13,-21.24,99.3,340,120.5,347,61.8,365,-.004,200,-7.06,347,106.0,343,113.1,330,-5.44,311
355,Louisiana Monroe,SB,3-16,-21.56,100.7,330,122.2,357,70.9,41,-.086,338,-4.69,308,106.1,340,110.8,206,+1.49,138
356,Western Illinois,OVC,4-15,-21.63,96.0,360,117.6,318,65.8,279,-.090,344,-5.06,313,106.3,334,111.4,244,-2.11,243
357,Chicago St.,NEC,2-17,-21.68,98.2,348,119.8,341,67.0,217,-.047,283,+2.35,107,110.8,144,108.5,88,+11.58,13
358,Saint Francis,NEC,5-14,-22.58,97.3,354,119.9,343,69.4,94,+.059,70,-1.29,215,109.9,191,111.2,221,+6.54,46
359,Delaware St.,MEAC,5-14,-23.12,90.6,364,113.8,254,67.4,196,-.052,293,-5.99,332,106.0,342,112.0,281,-0.71,203
360,South Carolina St.,MEAC,4-16,-24.13,97.1,356,121.3,351,68.5,134,-.008,211,-1.79,230,110.1,179,111.9,277,+3.58,91
361,Morgan St.,MEAC,6-13,-24.85,99.2,341,124.1,362,69.3,97,+.003,183,-7.69,354,104.8,359,112.5,298,-2.78,261
362,Binghamton,AE,4-16,-25.40,96.2,358,121.6,352,66.1,263,-.059,306,-9.03,360,105.6,351,114.6,360,-7.61,346
363,Gardner Webb,BSth,2-18,-25.94,98.4,346,124.4,363,70.9,42,-.035,262,+3.19,95,112.6,74,109.4,125,+5.94,54
364,Coppin St.,MEAC,3-18,-30.17,94.9,361,125.0,364,68.6,130,+.019,148,-2.85,256,108.4,278,111.2,228,+1.48,140
365,Mississippi Valley St.,SWAC,1-19,-34.06,88.0,365,122.1,355,66.8,224,-.042,277,-1.26,213,109.7,207,110.9,211,+5.97,53
